Pera;Peric;pera@gmail.com;peki;123123;MUSKI;ADMINISTRATOR;True
Marko;Markic;marko@gmail.com;mare;32323314;MUSKI;INSTRUKTOR;True
Cube;Cubic;cuba@gmail.com;cuba;8978382638;MUSKI;INSTRUKTOR;True
Dana;Danic;dana@gmail.com;dana;313323;ZENSKI;INSTRUKTOR;True
Micke;Milanic;milan@gmail.com;milan;1234443;MUSKI;INSTRUKTOR;True
ccc;vvv;tikikik;;xxx;MUSKI;INSTRUKTOR;True
cccc;cccc;cccc;;cccc;MUSKI;INSTRUKTOR;True
